City1,City2,Distance
Madurai,Jullundur,2409
Surat,Baroda,127
Shillong,Amritsar,1792
Bhopal,Ahmedabad,493
Meerut,Kolhapur,1406
Shillong,Lucknow,1102
Ahmedabad,Jamshedpur,1395
Coimbatore,Jaipur,1764
Madras,Patna,1474
Pune,Nagpur,618
Nasik,Ranchi,1262
Asansol,Baroda,1419
Patna,Asansol,280
Amritsar,Surat,1173
Kanpur,Ludhiana,671
Coimbatore,Delhi,1951
Cochin,Cochin,0
Kanpur,Calcutta,919
Pondicherry,Ahmedabad,1445
Chandigarh,Nasik,1224
Pondicherry,Meerut,1899
Asansol,Delhi,1125
Lucknow,Vijayawada,1145
Shillong,Madurai,2263
Bhubaneshwar,Agartala,686
Pondicherry,Ranchi,1394
Vijayawada,Bangalore,510
Jullundur,Panjim,1789
Pune,Madras,905
Bhopal,Asansol,977
Madurai,Kolhapur,858
Shimla,Calicut,2201
Coimbatore,Agra,1791
Pune,Trivandrum,1154
Surat,Pune,315
Vijayawada,Madurai,778
Jamshedpur,Allahabad,530
Amritsar,Agra,583
Shimla,Madurai,2346
Jabalpur,Ahmedabad,752
Varanasi,Vishakapatnam,839
Lucknow,Imphal,1321
Nagpur,Calcutta,971
Panjim,Indore,828
Amritsar,Meerut,401
Hubli,Vishakapatnam,906
Chandigarh,Meerut,213
Vishakapatnam,Imphal,1354
Jamshedpur,Calicut,1687
Chandigarh,Indore,892
Bombay,Shimla,1411
Bombay,Ludhiana,1354
Hubli,Imphal,2222
Panjim,Bombay,400
Trivandrum,Indore,1574
Ludhiana,Chandigarh,98
Madras,Baroda,1262
Kanpur,Pondicherry,1595
Shillong,Coimbatore,2252
Nagpur,Kanpur,587
Panjim,Shimla,1761
Baroda,Ranchi,1251
Varanasi,Kolhapur,1319
Jullundur,Imphal,1942
Bhubaneshwar,Agra,1102
Asansol,Hubli,1543
Madras,Meerut,1780
Jabalpur,Bhopal,258
Kolhapur,Chandigarh,1576
Ludhiana,Agartala,1720
Bhopal,Ranchi,810
Surat,Imphal,2197
Surat,Asansol,1478
Surat,Meerut,990
Jamshedpur,Delhi,1119
Kanpur,Shimla,610
Jabalpur,Surat,762
Trivandrum,Patna,2071
Agartala,Pune,1898
Allahabad,Pune,1123
Shillong,Shimla,1569
Indore,Trivandrum,1574
Agartala,Agra,1381
Pune,Agartala,1898
Bhopal,Baroda,443
Hubli,Madras,598
Jaipur,Panjim,1282
Bhopal,Pondicherry,1265
Baroda,Cochin,1405
Imphal,Pondicherry,2060
Ahmedabad,Meerut,835
Jabalpur,Asansol,719
Agartala,Varanasi,854
Pondicherry,Lucknow,1655
Patna,Bhubaneshwar,589
Patna,Nagpur,781
Nagpur,Hubli,765
Imphal,Asansol,719
Madras,Hubli,598
Jabalpur,Agartala,1161
Vishakapatnam,Asansol,762
Agra,Trivandrum,2066
Ahmedabad,Amritsar,981
Lucknow,Kanpur,86
Surat,Bhopal,517
Imphal,Bhubaneshwar,972
Jamshedpur,Gwalior,898
Vijayawada,Pondicherry,513
Coimbatore,Hyderabad,721
Jamshedpur,Kanpur,717
Shimla,Calcutta,1461
Bombay,Jaipur,931
Allahabad,Ahmedabad,977
Kolhapur,Kanpur,1238
Calcutta,Chandigarh,1464
Hyderabad,Jullundur,1597
Hyderabad,Jaipur,1093
Agartala,Madurai,2080
Imphal,Bangalore,2160
Allahabad,Kanpur,186
Bhubaneshwar,Madurai,1414
Bangalore,Vishakapatnam,806
Coimbatore,Imphal,2353
Varanasi,Cochin,1843
Chandigarh,Surat,1126
Imphal,Meerut,1676
Vishakapatnam,Allahabad,864
Chandigarh,Madurai,2308
Bangalore,Amritsar,2085
Hubli,Hubli,0
Pune,Lucknow,1173
Gwalior,Coimbatore,1687
Bombay,Madras,1021
Agra,Calicut,1776
Baroda,Gwalior,666
Delhi,Baroda,805
Bangalore,Pune,731
Jabalpur,Imphal,1436
Kanpur,Nasik,973
Amritsar,Shimla,223
Trivandrum,Calicut,327
Ludhiana,Imphal,1909
Lucknow,Madras,1528
Jaipur,Jullundur,513
Nasik,Vishakapatnam,1046
Agartala,Imphal,290
Imphal,Trivandrum,2550
Pondicherry,Surat,1266
Hyderabad,Asansol,1127
Patna,Coimbatore,1820
Ranchi,Indore,973
Bhopal,Bhubaneshwar,928
Jabalpur,Panjim,1065
Jabalpur,Bombay,872
Trivandrum,Imphal,2550
Kolhapur,Indore,688
Pondicherry,Bombay,1080
Calicut,Bangalore,272
Imphal,Jaipur,1832
Kolhapur,Nagpur,710
Bombay,Imphal,2272
Jaipur,Coimbatore,1764
Vishakapatnam,Agra,1175
Bhopal,Meerut,647
Vijayawada,Pune,750
Delhi,Calicut,1929
Shimla,Pune,1430
Vijayawada,Coimbatore,724
Agartala,Coimbatore,2076
Kolhapur,Surat,520
Gwalior,Allahabad,379
Nasik,Bhubaneshwar,1275
Ahmedabad,Kolhapur,720
Trivandrum,Cochin,174
Patna,Agra,724
Indore,Madras,1161
Coimbatore,Lucknow,1801
Calcutta,Agra,1161
Shimla,Coimbatore,2223
Kolhapur,Baroda,631
Vijayawada,Vijayawada,0
Pune,Calcutta,1575
Gwalior,Amritsar,681
Amritsar,Amritsar,0
Asansol,Pune,1473
Madurai,Bhopal,1464
Asansol,Jullundur,1414
Chandigarh,Bangalore,1967
Indore,Baroda,278
Imphal,Kolhapur,2236
Ludhiana,Kanpur,671
Jamshedpur,Baroda,1339
Jamshedpur,Cochin,1770
Madurai,Hubli,681
Pune,Baroda,424
Trivandrum,Kolhapur,949
Nasik,Jabalpur,736
Pune,Pune,0
Varanasi,Ranchi,318
Asansol,Coimbatore,1757
Gwalior,Imphal,1591
Delhi,Indore,668
Bhubaneshwar,Pune,1271
Trivandrum,Nasik,1323
Meerut,Surat,990
Delhi,Vishakapatnam,1362
Amritsar,Bombay,1418
Ranchi,Bangalore,1411
Gwalior,Bhopal,349
Nagpur,Jamshedpur,755
Varanasi,Asansol,438
Bombay,Jamshedpur,1453
Delhi,Shillong,1503
Kolhapur,Coimbatore,694
Ranchi,Surat,1308
Calcutta,Pune,1575
Bangalore,Madurai,343
Pondicherry,Nagpur,1023
Vishakapatnam,Bhubaneshwar,389
Cochin,Bangalore,363
Imphal,Ludhiana,1909
Ahmedabad,Jullundur,993
Indore,Vishakapatnam,951
Jabalpur,Kolhapur,932
Calicut,Vishakapatnam,1079
Shillong,Bhubaneshwar,855
Calicut,Meerut,1971
Calcutta,Jaipur,1359
Shimla,Agartala,1611
Agra,Bhubaneshwar,1102
Nagpur,Trivandrum,1415
Indore,Pondicherry,1265
Allahabad,Bhubaneshwar,702
Gwalior,Agra,105
Indore,Indore,0
Cochin,Amritsar,2404
Shillong,Jaipur,1614
Bhubaneshwar,Nasik,1275
Panjim,Jabalpur,1065
Bhubaneshwar,Jullundur,1612
Jaipur,Calicut,1733
Hubli,Bhopal,894
Panjim,Shillong,2187
Jaipur,Cochin,1878
Baroda,Bhubaneshwar,1332
Cochin,Vijayawada,865
Ranchi,Cochin,1770
Pondicherry,Trivandrum,491
Varanasi,Hyderabad,996
Vishakapatnam,Panjim,1038
Indore,Agartala,1582
Kanpur,Kanpur,0
Surat,Agartala,1918
Amritsar,Nagpur,1235
Bombay,Agartala,1986
Ranchi,Meerut,983
Chandigarh,Gwalior,518
Lucknow,Agra,291
Bombay,Varanasi,1262
Ludhiana,Shillong,1686
Surat,Indore,353
Gwalior,Delhi,288
Pondicherry,Vijayawada,513
Agartala,Hubli,1933
Varanasi,Jamshedpur,429
Kanpur,Trivandrum,2002
Madras,Ludhiana,2025
Panjim,Madurai,771
Madurai,Cochin,203
Baroda,Bangalore,1133
Vishakapatnam,Varanasi,839
Gwalior,Trivandrum,1962
Kolhapur,Calcutta,1617
Indore,Hubli,818
Allahabad,Kolhapur,1249
Baroda,Jamshedpur,1339
Hubli,Shillong,2079
Madras,Pune,905
Jullundur,Kanpur,734
Calcutta,Trivandrum,1977
Surat,Amritsar,1173
Bhubaneshwar,Hyderabad,839
Jaipur,Surat,700
Hubli,Chandigarh,1711
Baroda,Indore,278
Kolhapur,Jaipur,1144
Nasik,Meerut,1070
Madras,Nasik,1040
Panjim,Baroda,758
Chandigarh,Baroda,999
Panjim,Agartala,2048
Asansol,Jamshedpur,128
Asansol,Jaipur,1178
Vishakapatnam,Kanpur,1001
Amritsar,Asansol,1480
Patna,Ranchi,242
Gwalior,Asansol,929
Nasik,Agra,906
Delhi,Jullundur,352
Madras,Vijayawada,384
Jamshedpur,Panjim,1530
Bangalore,Lucknow,1575
Kanpur,Amritsar,789
Shillong,Hyderabad,1660
Baroda,Ahmedabad,98
Bangalore,Bombay,835
Ranchi,Bombay,1386
Ranchi,Ludhiana,1261
Hubli,Jaipur,1282
Vijayawada,Nasik,835
Pune,Calicut,830
Imphal,Agra,1612
Baroda,Chandigarh,999
Bombay,Vijayawada,871
Madras,Ranchi,1263
Nagpur,Amritsar,1235
Calcutta,Baroda,1563
Calicut,Pune,830
Varanasi,Patna,209
Vijayawada,Madras,384
Agra,Bhopal,450
Lucknow,Kolhapur,1321
Nasik,Gwalior,825
Vishakapatnam,Ranchi,659
Agra,Vishakapatnam,1175
Vishakapatnam,Delhi,1362
Agra,Delhi,186
Chandigarh,Calicut,2158
Gwalior,Pune,959
Meerut,Jamshedpur,1094
Jullundur,Varanasi,999
Bombay,Shillong,2095
Surat,Jaipur,700
Gwalior,Pondicherry,1590
Cochin,Jaipur,1878
Pune,Ranchi,1305
Jaipur,Chandigarh,433
Pondicherry,Hyderabad,617
Hyderabad,Agra,1086
Gwalior,Shimla,549
Hubli,Jabalpur,1000
Varanasi,Shillong,894
Meerut,Kanpur,388
Hubli,Baroda,797
Hubli,Ahmedabad,889
Amritsar,Pondicherry,2240
Hubli,Vijayawada,600
Shillong,Agartala,203
Jabalpur,Lucknow,420
Bhopal,Agra,450
Agartala,Surat,1918
Delhi,Jaipur,231
Surat,Bhubaneshwar,1357
Jabalpur,Pondicherry,1243
Meerut,Indore,717
Agra,Jaipur,224
Amritsar,Hubli,1804
Bhubaneshwar,Surat,1357
Varanasi,Imphal,1104
Jamshedpur,Asansol,128
Jullundur,Shillong,1719
Jabalpur,Kanpur,353
Cochin,Varanasi,1843
Cochin,Shimla,2342
Nagpur,Panjim,838
Calcutta,Bhopal,1126
Hyderabad,Coimbatore,721
Bhopal,Jaipur,449
Agra,Vijayawada,1210
Panjim,Patna,1616
Agartala,Patna,656
Patna,Gwalior,695
Bhubaneshwar,Lucknow,883
Agra,Nagpur,674
Allahabad,Bhopal,517
Kanpur,Asansol,733
Chandigarh,Trivandrum,2458
Nasik,Hubli,544
Gwalior,Ranchi,789
Hyderabad,Jamshedpur,1004
Nasik,Jullundur,1289
Amritsar,Madurai,2427
Trivandrum,Bangalore,496
Vijayawada,Agartala,1376
Delhi,Asansol,1125
Nasik,Shillong,1969
Meerut,Bombay,1214
Baroda,Hyderabad,779
Vishakapatnam,Shimla,1604
Ahmedabad,Lucknow,944
Calcutta,Madurai,1776
Calicut,Allahabad,1693
Bangalore,Shillong,2049
Agartala,Indore,1582
Pondicherry,Baroda,1346
Patna,Bombay,1456
Indore,Varanasi,781
Jabalpur,Agra,482
Varanasi,Kanpur,294
Madras,Hyderabad,509
Coimbatore,Pune,895
Ahmedabad,Varanasi,1088
Bombay,Chandigarh,1362
Bangalore,Delhi,1735
Agartala,Bangalore,1879
Lucknow,Lucknow,0
Madras,Cochin,548
Kolhapur,Bhopal,787
Coimbatore,Amritsar,2293
Ahmedabad,Pune,514
Madurai,Bhubaneshwar,1414
Jullundur,Allahabad,911
Amritsar,Jamshedpur,1490
Nagpur,Pondicherry,1023
Agartala,Calicut,2151
Calicut,Asansol,1815
Hubli,Nasik,544
Bangalore,Calcutta,1559
Agartala,Ludhiana,1720
Nagpur,Baroda,624
Trivandrum,Allahabad,1941
Allahabad,Coimbatore,1676
Shillong,Kolhapur,2079
Panjim,Vishakapatnam,1038
Pune,Gwalior,959
Agartala,Kolhapur,1946
Chandigarh,Ranchi,1175
Baroda,Calcutta,1563
Delhi,Vijayawada,1391
Hyderabad,Gwalior,980
Nasik,Surat,152
Hubli,Lucknow,1408
Agartala,Delhi,1511
Calcutta,Agartala,329
Jaipur,Jamshedpur,1147
Bhopal,Lucknow,544
Hubli,Indore,818
Bombay,Nagpur,698
Ludhiana,Jullundur,73
Delhi,Patna,860
Imphal,Lucknow,1321
Coimbatore,Chandigarh,2183
Meerut,Amritsar,401
Delhi,Jabalpur,669
Agartala,Gwalior,1348
Vijayawada,Jabalpur,740
Amritsar,Panjim,1792
Amritsar,Lucknow,794
Nagpur,Ahmedabad,701
Hubli,Jamshedpur,1422
Patna,Imphal,897
Nasik,Delhi,1014
Calicut,Jaipur,1733
Allahabad,Agartala,970
Pondicherry,Agartala,1790
Madurai,Agartala,2080
Amritsar,Jabalpur,1063
Varanasi,Bhubaneshwar,629
Patna,Panjim,1616
Jabalpur,Jaipur,589
Allahabad,Madras,1379
Asansol,Pondicherry,1504
Nagpur,Patna,781
Pune,Varanasi,1205
Varanasi,Surat,1134
Pondicherry,Kanpur,1595
Indore,Cochin,1412
Cochin,Bhubaneshwar,1536
Calicut,Ahmedabad,1344
Ludhiana,Asansol,1363
Bhopal,Agartala,1418
Chandigarh,Bhopal,843
Jamshedpur,Jabalpur,644
Agartala,Ahmedabad,1910
Ludhiana,Madras,2025
Indore,Meerut,717
Nasik,Coimbatore,1061
Nasik,Calicut,1000
Amritsar,Kolhapur,1656
Kolhapur,Nasik,377
Agartala,Calcutta,329
Asansol,Bangalore,1544
Bhopal,Cochin,1464
Coimbatore,Surat,1210
Vishakapatnam,Agartala,1072
Kanpur,Ranchi,605
Patna,Madras,1474
Amritsar,Gwalior,681
Madras,Indore,1161
Bangalore,Baroda,1133
Patna,Jaipur,939
Trivandrum,Agartala,2281
Amritsar,Trivandrum,2567
Kanpur,Indore,602
Ranchi,Nagpur,688
Bangalore,Imphal,2160
Bhopal,Nasik,518
Bhubaneshwar,Pondicherry,1125
Vijayawada,Varanasi,1005
Jullundur,Coimbatore,2278
Pondicherry,Jabalpur,1243
Ludhiana,Vijayawada,1668
Imphal,Panjim,2338
Calicut,Calicut,0
Kanpur,Bangalore,1506
Jamshedpur,Jullundur,1427
Shimla,Varanasi,861
Baroda,Madurai,1468
Allahabad,Vijayawada,995
Bhopal,Hyderabad,648
Panjim,Meerut,1546
Bhubaneshwar,Ranchi,347
Agra,Chandigarh,413
Delhi,Amritsar,396
Ranchi,Gwalior,789
Vishakapatnam,Coimbatore,1006
Asansol,Calcutta,191
Calcutta,Calcutta,0
Bombay,Bhopal,663
Pondicherry,Imphal,2060
Jullundur,Lucknow,733
Ludhiana,Baroda,985
Baroda,Kanpur,848
Kanpur,Cochin,1862
Allahabad,Hyderabad,958
Allahabad,Nagpur,551
Bangalore,Jaipur,1554
Baroda,Meerut,866
Hyderabad,Kolhapur,457
Ahmedabad,Calicut,1344
Jamshedpur,Bhubaneshwar,279
Varanasi,Ahmedabad,1088
Chandigarh,Asansol,1273
Madras,Allahabad,1379
Indore,Shillong,1659
Jabalpur,Nasik,736
Hubli,Kolhapur,177
Varanasi,Madras,1387
Amritsar,Calcutta,1671
Agartala,Chandigarh,1624
Vijayawada,Ahmedabad,1107
Lucknow,Vishakapatnam,1037
Bangalore,Vijayawada,510
Imphal,Baroda,2134
Hyderabad,Nasik,590
Bhubaneshwar,Nagpur,710
Jaipur,Bhopal,449
Lucknow,Hyderabad,1080
Coimbatore,Ranchi,1629
Calicut,Kanpur,1735
Jullundur,Pondicherry,2214
Jabalpur,Nagpur,239
Jullundur,Bhopal,948
Vishakapatnam,Jaipur,1275
Madurai,Surat,1370
Chandigarh,Hyderabad,1490
Surat,Lucknow,1034
Madurai,Madurai,0
Agartala,Kanpur,1142
Chandigarh,Amritsar,207
Panjim,Pondicherry,757
Ludhiana,Vishakapatnam,1643
Jamshedpur,Jaipur,1147
Nagpur,Jabalpur,239
Indore,Chandigarh,892
Jullundur,Shimla,150
Bhubaneshwar,Varanasi,629
Trivandrum,Pondicherry,491
Cochin,Baroda,1405
Amritsar,Imphal,2015
Asansol,Vishakapatnam,762
Hyderabad,Calcutta,1184
Asansol,Hyderabad,1127
Varanasi,Jullundur,999
Lucknow,Bangalore,1575
Ahmedabad,Madras,1361
Baroda,Vijayawada,1011
Bombay,Pune,121
Cochin,Pune,982
Varanasi,Bombay,1262
Kolhapur,Lucknow,1321
Pondicherry,Vishakapatnam,742
Bhubaneshwar,Amritsar,1669
Bangalore,Varanasi,1479
Allahabad,Trivandrum,1941
Madurai,Ranchi,1674
Pune,Vishakapatnam,998
Bhopal,Delhi,610
Baroda,Pondicherry,1346
Agra,Allahabad,427
Pune,Hubli,376
Bombay,Nasik,148
Shimla,Hubli,1755
Ranchi,Pune,1305
Madras,Ahmedabad,1361
Cochin,Allahabad,1811
Jamshedpur,Madras,1248
Shillong,Jullundur,1719
Coimbatore,Shimla,2223
Varanasi,Shimla,861
Asansol,Nagpur,857
Shillong,Jabalpur,1242
Nasik,Vijayawada,835
Baroda,Coimbatore,1313
Baroda,Jaipur,575
Bhopal,Shimla,882
Calicut,Panjim,513
Bangalore,Hubli,371
Jamshedpur,Patna,328
Allahabad,Baroda,948
Jamshedpur,Hyderabad,1004
Vijayawada,Kolhapur,682
Madras,Bhopal,1152
Bhopal,Shillong,1493
Agra,Jullundur,538
Calicut,Trivandrum,327
Coimbatore,Ahmedabad,1407
Amritsar,Varanasi,1060
Shimla,Allahabad,780
Lucknow,Allahabad,181
Ahmedabad,Pondicherry,1445
Madurai,Shimla,2346
Bhubaneshwar,Allahabad,702
Ranchi,Jabalpur,552
Trivandrum,Jullundur,2552
Varanasi,Jaipur,742
Ahmedabad,Agartala,1910
Ahmedabad,Shimla,1002
Ranchi,Trivandrum,1870
Imphal,Ahmedabad,2180
Agra,Agartala,1381
Cochin,Jullundur,2392
Allahabad,Amritsar,969
Panjim,Lucknow,1459
Agra,Shimla,444
Gwalior,Patna,695
Hyderabad,Patna,1134
Pune,Jaipur,950
Baroda,Madras,1262
Amritsar,Kanpur,789
Ranchi,Vijayawada,904
Agartala,Meerut,1469
Shillong,Panjim,2187
Vijayawada,Amritsar,1774
Pondicherry,Bhopal,1265
Calcutta,Jamshedpur,224
Allahabad,Agra,427
Pune,Meerut,1221
Vishakapatnam,Vijayawada,312
Agra,Varanasi,537
Ludhiana,Surat,1113
Vijayawada,Trivandrum,969
Agartala,Madras,1671
Agartala,Nagpur,1288
Pune,Ludhiana,1383
Surat,Hubli,692
Hubli,Shimla,1755
Nasik,Kolhapur,377
Hyderabad,Indore,652
Varanasi,Vijayawada,1005
Gwalior,Lucknow,285
Bhopal,Madurai,1464
Pune,Bangalore,731
Madurai,Asansol,1790
Vishakapatnam,Shillong,1245
Imphal,Varanasi,1104
Vishakapatnam,Surat,1160
Jabalpur,Meerut,681
Meerut,Calcutta,1283
Allahabad,Jullundur,911
Shimla,Vishakapatnam,1604
Bangalore,Jullundur,2066
Calicut,Amritsar,2258
Bombay,Bhubaneshwar,1372
Cochin,Bhopal,1464
Vijayawada,Ranchi,904
Trivandrum,Bhubaneshwar,1614
Indore,Patna,987
Agra,Bombay,1053
Panjim,Ludhiana,1719
Indore,Pune,507
Vijayawada,Bombay,871
Shillong,Allahabad,1009
Indore,Bhopal,165
Cochin,Coimbatore,141
Shimla,Jullundur,150
Kanpur,Ahmedabad,861
Hyderabad,Panjim,538
Agra,Coimbatore,1791
Pondicherry,Hubli,630
Agartala,Agartala,0
Ludhiana,Ranchi,1261
Kolhapur,Pondicherry,799
Ludhiana,Cochin,2319
Jaipur,Shimla,480
Bhopal,Indore,165
Kanpur,Agra,242
Ranchi,Jamshedpur,111
Bhopal,Pune,629
Surat,Madurai,1370
Jamshedpur,Indore,1062
Hyderabad,Meerut,1288
Asansol,Asansol,0
Imphal,Gwalior,1591
Allahabad,Patna,323
Nasik,Lucknow,1059
Bombay,Asansol,1555
Coimbatore,Baroda,1313
Jamshedpur,Agartala,533
Shimla,Lucknow,599
Jullundur,Surat,1180
Ludhiana,Ludhiana,0
Trivandrum,Trivandrum,0
Bombay,Jabalpur,872
Asansol,Vijayawada,1034
Madurai,Nasik,1219
Varanasi,Bangalore,1479
Nagpur,Asansol,857
Vishakapatnam,Baroda,1170
Delhi,Meerut,67
Panjim,Nasik,506
Kolhapur,Vishakapatnam,968
Bombay,Meerut,1214
Jamshedpur,Bombay,1453
Kanpur,Allahabad,186
Kolhapur,Panjim,140
Pune,Jullundur,1453
Vijayawada,Hubli,600
Agra,Jamshedpur,957
Jaipur,Nasik,791
Ranchi,Panjim,1489
Hyderabad,Varanasi,996
Pondicherry,Calicut,445
Vishakapatnam,Ludhiana,1643
Delhi,Agra,186
Madurai,Lucknow,1897
Pondicherry,Gwalior,1590
Coimbatore,Jabalpur,1380
Jaipur,Madras,1600
Jamshedpur,Imphal,820
Lucknow,Jabalpur,420
Madurai,Trivandrum,201
Trivandrum,Chandigarh,2458
Coimbatore,Kanpur,1731
Nagpur,Surat,648
Bangalore,Jabalpur,1154
Asansol,Bhopal,977
Kanpur,Delhi,404
Lucknow,Hubli,1408
Calicut,Varanasi,1731
Allahabad,Bangalore,1449
Kolhapur,Jabalpur,932
Indore,Vijayawada,849
Asansol,Allahabad,551
Vishakapatnam,Pune,998
Jabalpur,Chandigarh,894
Jamshedpur,Trivandrum,1861
Asansol,Bhubaneshwar,396
Ludhiana,Coimbatore,2205
Jaipur,Varanasi,742
Hubli,Surat,692
Panjim,Kanpur,1376
Asansol,Amritsar,1480
Bhubaneshwar,Imphal,972
Vishakapatnam,Hubli,906
Nasik,Panjim,506
Madras,Shimla,2020
Varanasi,Agartala,854
Ranchi,Kolhapur,1375
Delhi,Kanpur,404
Coimbatore,Bhopal,1342
Madurai,Nagpur,1247
Allahabad,Calcutta,734
Shillong,Kanpur,1164
Ahmedabad,Cochin,1496
Hubli,Trivandrum,779
Chandigarh,Delhi,233
Cochin,Chandigarh,2300
Ranchi,Amritsar,1379
Delhi,Kolhapur,1356
Varanasi,Indore,781
Bangalore,Cochin,363
Patna,Jamshedpur,328
Nagpur,Agra,674
Jullundur,Madurai,2409
Hubli,Agartala,1933
Bhubaneshwar,Coimbatore,1396
Chandigarh,Vijayawada,1623
Bombay,Panjim,400
Kanpur,Jaipur,452
Patna,Bangalore,1598
Ahmedabad,Trivandrum,1668
Calicut,Madras,517
Jaipur,Ranchi,1037
Nasik,Madras,1040
Meerut,Agra,203
Asansol,Madurai,1790
Vijayawada,Ludhiana,1668
Calicut,Jullundur,2247
Lucknow,Surat,1034
Patna,Jullundur,1136
Varanasi,Panjim,1448
Indore,Jabalpur,421
Ludhiana,Panjim,1719
Patna,Meerut,822
Nagpur,Bhubaneshwar,710
Panjim,Bhubaneshwar,1378
Asansol,Patna,280
Vishakapatnam,Indore,951
Jullundur,Bhubaneshwar,1612
Hyderabad,Hubli,419
Ranchi,Coimbatore,1629
Allahabad,Shillong,1009
Kolhapur,Hubli,177
Calicut,Calcutta,1832
Hubli,Meerut,1531
Coimbatore,Allahabad,1676
Agartala,Baroda,1861
Chandigarh,Shimla,52
Patna,Varanasi,209
Coimbatore,Varanasi,1705
Lucknow,Shimla,599
Bombay,Surat,247
Shillong,Calicut,2321
Lucknow,Indore,688
Jamshedpur,Chandigarh,1286
Baroda,Varanasi,1054
Meerut,Gwalior,309
Shimla,Bangalore,2007
Chandigarh,Imphal,1812
Ahmedabad,Bhopal,493
Ludhiana,Calicut,2174
Surat,Vishakapatnam,1160
Ahmedabad,Surat,202
Surat,Agra,845
Ahmedabad,Hyderabad,876
Cochin,Shillong,2391
Hubli,Bombay,470
Ludhiana,Madurai,2335
Gwalior,Shillong,1376
Pune,Chandigarh,1383
Agra,Jabalpur,482
Chandigarh,Bombay,1362
Ludhiana,Calcutta,1554
Ahmedabad,Baroda,98
Agartala,Ranchi,610
Calicut,Delhi,1929
Nagpur,Kolhapur,710
Bhubaneshwar,Calcutta,365
Meerut,Shimla,240
Vijayawada,Hyderabad,247
Calcutta,Ludhiana,1554
Kolhapur,Madurai,858
Meerut,Nagpur,878
Cochin,Jamshedpur,1770
Kolhapur,Bhubaneshwar,1287
Varanasi,Hubli,1373
Varanasi,Meerut,664
Bhopal,Coimbatore,1342
Gwalior,Jamshedpur,898
Meerut,Allahabad,569
Allahabad,Pondicherry,1509
Madurai,Amritsar,2427
Calcutta,Patna,470
Nasik,Nasik,0
Jullundur,Chandigarh,141
Bangalore,Agartala,1879
Indore,Panjim,828
Madras,Imphal,1944
Cochin,Indore,1412
Ahmedabad,Allahabad,977
Jullundur,Bombay,1422
Shillong,Indore,1659
Kolhapur,Calicut,623
Allahabad,Jaipur,627
Nagpur,Nasik,580
Calicut,Pondicherry,445
Shimla,Kolhapur,1622
Panjim,Bangalore,490
Kanpur,Agartala,1142
Coimbatore,Vishakapatnam,1006
Hubli,Kanpur,1328
Agartala,Jabalpur,1161
Hyderabad,Baroda,779
Vishakapatnam,Patna,884
Pune,Pondicherry,968
Panjim,Gwalior,1271
Jullundur,Agartala,1761
Surat,Calicut,1144
Trivandrum,Nagpur,1415
Jullundur,Meerut,347
Jaipur,Indore,465
Trivandrum,Pune,1154
Hyderabad,Bombay,624
Agra,Bangalore,1571
Gwalior,Agartala,1348
Meerut,Pune,1221
Delhi,Ranchi,1007
Jaipur,Hyderabad,1093
Patna,Kolhapur,1491
Jaipur,Meerut,295
Bangalore,Kanpur,1506
Nasik,Varanasi,1123
Lucknow,Meerut,397
Hubli,Coimbatore,518
Jabalpur,Varanasi,392
Vijayawada,Allahabad,995
Calcutta,Lucknow,887
Jabalpur,Gwalior,382
Hyderabad,Shimla,1526
Delhi,Agartala,1511
Vishakapatnam,Meerut,1368
Kolhapur,Jamshedpur,1422
Bangalore,Jamshedpur,1416
Meerut,Vijayawada,1413
Vijayawada,Vishakapatnam,312
Meerut,Panjim,1546
Ahmedabad,Delhi,770
Jaipur,Gwalior,249
Ludhiana,Pune,1383
Meerut,Varanasi,664
Agra,Agra,0
Agra,Madras,1576
Calicut,Indore,1268
Bhubaneshwar,Asansol,396
Nasik,Pune,170
Allahabad,Bombay,1173
Ranchi,Ranchi,0
Surat,Gwalior,777
Jabalpur,Bangalore,1154
Jaipur,Delhi,231
Indore,Madurai,1436
Baroda,Ludhiana,985
Hyderabad,Bangalore,495
Nasik,Jamshedpur,1335
Agra,Nasik,906
Bhopal,Jabalpur,258
Surat,Ludhiana,1113
Bombay,Agra,1053
Panjim,Calicut,513
Shillong,Patna,685
Meerut,Madras,1780
Pondicherry,Jullundur,2214
Jaipur,Baroda,575
Jullundur,Ranchi,1317
Madurai,Imphal,2349
Nagpur,Vijayawada,538
Bombay,Calcutta,1666
Vishakapatnam,Pondicherry,742
Shimla,Surat,1176
Jullundur,Jabalpur,1021
Jullundur,Nasik,1289
Jabalpur,Madurai,1478
Bhopal,Gwalior,349
Kanpur,Calicut,1735
Calicut,Coimbatore,132
Nagpur,Pune,618
Jabalpur,Amritsar,1063
Allahabad,Jabalpur,317
Agartala,Pondicherry,1790
Shillong,Gwalior,1376
Bhubaneshwar,Kolhapur,1287
Cochin,Ranchi,1770
Baroda,Jullundur,1052
Amritsar,Baroda,1046
Agra,Baroda,728
Vijayawada,Bhubaneshwar,690
Surat,Patna,1339
Nagpur,Madras,902
Madurai,Madras,414
Vijayawada,Meerut,1413
Shillong,Hubli,2079
Pondicherry,Shimla,2139
Coimbatore,Bangalore,226
Coimbatore,Ludhiana,2205
Jabalpur,Delhi,669
Delhi,Surat,930
Coimbatore,Bhubaneshwar,1396
Cochin,Jabalpur,1513
Delhi,Chandigarh,233
Lucknow,Ludhiana,675
Agartala,Cochin,2214
Bhopal,Calcutta,1126
Baroda,Bombay,371
Madras,Gwalior,1471
Bhopal,Kolhapur,787
Bangalore,Indore,1093
Vishakapatnam,Bombay,1112
Indore,Shimla,936
Jullundur,Delhi,352
Jamshedpur,Nasik,1335
Jaipur,Jaipur,0
Panjim,Nagpur,838
Ludhiana,Lucknow,675
Ranchi,Jullundur,1317
Imphal,Ranchi,889
Gwalior,Chandigarh,518
Trivandrum,Jaipur,2039
Gwalior,Jullundur,640
Ranchi,Calicut,1679
Baroda,Imphal,2134
Kolhapur,Madras,754
Ludhiana,Jamshedpur,1371
Hyderabad,Pune,504
Calcutta,Kanpur,919
Shimla,Imphal,1792
Gwalior,Kanpur,212
Bombay,Patna,1456
Meerut,Baroda,866
Calicut,Patna,1859
Vishakapatnam,Kolhapur,968
Pondicherry,Amritsar,2240
Bhubaneshwar,Cochin,1536
Madurai,Baroda,1468
Cochin,Meerut,2111
Allahabad,Surat,1033
Jaipur,Ludhiana,441
Imphal,Nagpur,1574
Pune,Imphal,2186
Imphal,Hyderabad,1803
Nasik,Indore,373
Shillong,Cochin,2391
Agra,Hubli,1342
Madurai,Jaipur,1897
Jabalpur,Hubli,1000
Indore,Imphal,1856
Imphal,Agartala,290
Chandigarh,Jaipur,433
Shillong,Chandigarh,1588
Cochin,Kanpur,1862
Agartala,Shillong,203
Lucknow,Ranchi,585
Shillong,Delhi,1503
Kanpur,Bombay,1120
Bhubaneshwar,Kanpur,879
Nasik,Amritsar,1288
Gwalior,Gwalior,0
Vishakapatnam,Madras,614
Shillong,Trivandrum,2464
Bhopal,Varanasi,617
Patna,Nasik,1320
Meerut,Agartala,1469
Vishakapatnam,Jullundur,1713
Bangalore,Nagpur,919
Surat,Ranchi,1308
Hyderabad,Surat,728
Patna,Calcutta,470
Cochin,Kolhapur,776
Asansol,Jabalpur,719
Nagpur,Bhopal,280
Bombay,Bangalore,835
Cochin,Calcutta,1901
Jabalpur,Calicut,1389
Jabalpur,Ranchi,552
Shimla,Ahmedabad,1002
Vijayawada,Chandigarh,1623
Asansol,Trivandrum,1989
Asansol,Lucknow,698
Delhi,Ludhiana,281
Shimla,Trivandrum,2498
Kanpur,Varanasi,294
Patna,Amritsar,1203
Calicut,Madurai,294
Jullundur,Hyderabad,1597
Shillong,Ludhiana,1686
Lucknow,Pune,1173
Hyderabad,Nagpur,424
Meerut,Vishakapatnam,1368
Hubli,Cochin,608
Ludhiana,Nasik,1220
Jabalpur,Jabalpur,0
Calicut,Baroda,1254
Calcutta,Calicut,1832
Bhubaneshwar,Bangalore,1194
Vishakapatnam,Calcutta,754
Ahmedabad,Ludhiana,928
Ranchi,Hyderabad,975
Trivandrum,Kanpur,2002
Hubli,Pondicherry,630
Bhopal,Trivandrum,1617
Nagpur,Indore,376
Jabalpur,Coimbatore,1380
Nasik,Bombay,148
Gwalior,Jabalpur,382
Baroda,Shillong,1937
Gwalior,Bombay,972
Calcutta,Delhi,1314
Trivandrum,Ahmedabad,1668
Agra,Calcutta,1161
Ahmedabad,Ranchi,1303
Hubli,Amritsar,1804
Lucknow,Cochin,1934
Varanasi,Delhi,691
Meerut,Bhopal,647
Vijayawada,Jamshedpur,906
Panjim,Hyderabad,538
Shimla,Chandigarh,52
Bombay,Amritsar,1418
Madras,Madurai,414
Chandigarh,Jullundur,141
Varanasi,Allahabad,116
Hubli,Allahabad,1316
Jamshedpur,Vijayawada,906
Madras,Coimbatore,415
Baroda,Vishakapatnam,1170
Panjim,Amritsar,1792
Jabalpur,Pune,812
Jamshedpur,Calcutta,224
Delhi,Bangalore,1735
Pondicherry,Calcutta,1486
Shimla,Nagpur,1118
Pondicherry,Indore,1265
Calicut,Jabalpur,1389
Hyderabad,Cochin,854
Jaipur,Asansol,1178
Bombay,Delhi,1157
Madras,Panjim,735
Bombay,Coimbatore,986
Hyderabad,Hyderabad,0
Vishakapatnam,Amritsar,1757
Kolhapur,Varanasi,1319
Amritsar,Madras,2126
Nagpur,Coimbatore,1144
Madurai,Gwalior,1804
Hyderabad,Trivandrum,991
Lucknow,Agartala,1092
Trivandrum,Madurai,201
Shimla,Meerut,240
Madurai,Pune,1056
Bhubaneshwar,Meerut,1268
Meerut,Ahmedabad,835
Surat,Jamshedpur,1390
Shillong,Pondicherry,1974
Kanpur,Vishakapatnam,1001
Kolhapur,Vijayawada,682
Imphal,Pune,2186
Hubli,Jullundur,1795
Hubli,Bangalore,371
Agra,Patna,724
Madras,Jullundur,2099
Gwalior,Indore,453
Jullundur,Vishakapatnam,1713
Baroda,Hubli,797
Nagpur,Jullundur,1202
Panjim,Ranchi,1489
Chandigarh,Ludhiana,98
Surat,Coimbatore,1210
Indore,Calcutta,1286
Bhubaneshwar,Indore,1069
Madurai,Ludhiana,2335
Bombay,Kanpur,1120
Hyderabad,Ranchi,975
Imphal,Jamshedpur,820
Bhopal,Bombay,663
Kolhapur,Cochin,776
Jabalpur,Indore,421
Madurai,Varanasi,1780
Ahmedabad,Bhubaneshwar,1404
Jullundur,Madras,2099
Surat,Ahmedabad,202
Jullundur,Cochin,2392
Bhubaneshwar,Vijayawada,690
Allahabad,Jamshedpur,530
Shillong,Bhopal,1493
Meerut,Nasik,1070
Amritsar,Jullundur,74
Baroda,Kolhapur,631
Indore,Asansol,1140
Calcutta,Jabalpur,868
Chandigarh,Varanasi,857
Amritsar,Vishakapatnam,1757
Madurai,Ahmedabad,1563
Gwalior,Kolhapur,1130
Calcutta,Bangalore,1559
Bhubaneshwar,Ludhiana,1550
Allahabad,Calicut,1693
Jabalpur,Ludhiana,951
Kolhapur,Shillong,2079
Imphal,Jabalpur,1436
Pondicherry,Ludhiana,2140
Amritsar,Bhopal,974
Shillong,Madras,1852
Vijayawada,Bhopal,807
Jamshedpur,Coimbatore,1629
Coimbatore,Bombay,986
Shimla,Cochin,2342
Vishakapatnam,Madurai,1028
Surat,Surat,0
Indore,Jaipur,465
Hyderabad,Ahmedabad,876
Baroda,Asansol,1419
Trivandrum,Hyderabad,991
Jamshedpur,Ludhiana,1371
Delhi,Varanasi,691
Agartala,Hyderabad,1513
Shimla,Indore,936
Jaipur,Lucknow,512
Gwalior,Cochin,1811
Coimbatore,Cochin,141
Ludhiana,Nagpur,1129
Pune,Madurai,1056
Chandigarh,Pune,1383
Nasik,Cochin,1151
Agra,Pondicherry,1696
Pondicherry,Patna,1605
Pune,Surat,315
Vishakapatnam,Bangalore,806
Cochin,Patna,1961
Gwalior,Madurai,1804
Ahmedabad,Bombay,448
Surat,Pondicherry,1266
Calcutta,Hubli,1603
Gwalior,Ludhiana,569
Nagpur,Allahabad,551
Madras,Agartala,1671
Gwalior,Surat,777
Madurai,Pondicherry,289
Shimla,Amritsar,223
Delhi,Calcutta,1314
Ranchi,Hubli,1388
Vishakapatnam,Nagpur,579
Chandigarh,Jabalpur,894
Lucknow,Jullundur,733
Asansol,Imphal,719
Vishakapatnam,Calicut,1079
Bhubaneshwar,Shimla,1482
Ahmedabad,Jabalpur,752
Jabalpur,Shimla,921
Jamshedpur,Amritsar,1490
Ranchi,Pondicherry,1394
Kolhapur,Jullundur,1652
Agartala,Trivandrum,2281
Kanpur,Gwalior,212
Calcutta,Nagpur,971
Pondicherry,Shillong,1974
Amritsar,Vijayawada,1774
Madras,Asansol,1376
Hubli,Bhubaneshwar,1256
Indore,Ludhiana,906
Hubli,Panjim,142
Kanpur,Panjim,1376
Agra,Hyderabad,1086
Indore,Jamshedpur,1062
Ranchi,Ahmedabad,1303
Vishakapatnam,Lucknow,1037
Baroda,Panjim,758
Ranchi,Chandigarh,1175
Kolhapur,Ludhiana,1581
Madras,Nagpur,902
Jamshedpur,Pondicherry,1377
Panjim,Surat,641
Ludhiana,Kolhapur,1581
Hubli,Varanasi,1373
Allahabad,Shimla,780
Panjim,Varanasi,1448
Amritsar,Bhubaneshwar,1669
Agra,Indore,539
Jaipur,Kanpur,452
Patna,Baroda,1261
Pune,Kolhapur,206
Kanpur,Meerut,388
Bhubaneshwar,Chandigarh,1472
Coimbatore,Kolhapur,694
Imphal,Bombay,2272
Indore,Gwalior,453
Agartala,Vishakapatnam,1072
Patna,Delhi,860
Shillong,Calcutta,490
Surat,Kolhapur,520
Lucknow,Calcutta,887
Shimla,Shimla,0
Shillong,Surat,2005
Delhi,Jamshedpur,1119
Madras,Kanpur,1469
Asansol,Ludhiana,1363
Madurai,Meerut,2110
Amritsar,Ludhiana,118
Nagpur,Ludhiana,1129
Shimla,Delhi,271
Jamshedpur,Shimla,1288
Kanpur,Hyderabad,1011
Coimbatore,Patna,1820
Meerut,Ranchi,983
Nagpur,Lucknow,658
Bhubaneshwar,Shillong,855
Trivandrum,Lucknow,2071
Agra,Lucknow,291
Asansol,Kolhapur,1537
Kanpur,Chandigarh,596
Allahabad,Allahabad,0
Indore,Nagpur,376
Cochin,Lucknow,1934
Bangalore,Kolhapur,546
Pune,Shillong,2015
Vijayawada,Patna,1102
Vijayawada,Gwalior,1104
Jullundur,Baroda,1052
Varanasi,Gwalior,495
Calicut,Bombay,910
Bangalore,Bhopal,1124
Madurai,Agra,1909
Pune,Bhopal,629
Agra,Surat,845
Ludhiana,Trivandrum,2479
Trivandrum,Ludhiana,2479
Bombay,Ranchi,1386
Imphal,Coimbatore,2353
Jamshedpur,Vishakapatnam,635
Bangalore,Allahabad,1449
Jabalpur,Jamshedpur,644
Varanasi,Calicut,1731
Jullundur,Calcutta,1605
Ranchi,Nasik,1262
Madurai,Chandigarh,2308
Shillong,Ranchi,709
Pune,Jabalpur,812
Shimla,Jamshedpur,1288
Bhopal,Patna,822
Baroda,Surat,127
Calcutta,Bhubaneshwar,365
Bhopal,Madras,1152
Meerut,Imphal,1676
Imphal,Calicut,2432
Madurai,Panjim,771
Ranchi,Imphal,889
Nagpur,Shillong,1397
Hyderabad,Imphal,1803
Jaipur,Trivandrum,2039
Pune,Shimla,1430
Jullundur,Indore,979
Varanasi,Coimbatore,1705
Kolhapur,Agartala,1946
Bombay,Ahmedabad,448
Meerut,Patna,822
Panjim,Asansol,1648
Asansol,Panjim,1648
Pondicherry,Delhi,1870
Delhi,Pondicherry,1870
Trivandrum,Panjim,840
Allahabad,Imphal,1220
Panjim,Coimbatore,600
Delhi,Lucknow,427
Coimbatore,Agartala,2076
Bangalore,Chandigarh,1967
Calicut,Agartala,2151
Vishakapatnam,Cochin,1146
Jaipur,Allahabad,627
Calcutta,Allahabad,734
Imphal,Cochin,2490
Hyderabad,Madurai,824
Pune,Panjim,337
Imphal,Jullundur,1942
Jullundur,Jullundur,0
Coimbatore,Madras,415
Varanasi,Lucknow,267
Varanasi,Nasik,1123
Agra,Kolhapur,1224
Amritsar,Cochin,2404
Bangalore,Agra,1571
Ranchi,Patna,242
Amritsar,Coimbatore,2293
Meerut,Calicut,1971
Coimbatore,Nasik,1061
Panjim,Allahabad,1382
Gwalior,Hyderabad,980
Varanasi,Baroda,1054
Cochin,Bombay,1063
Surat,Nasik,152
Panjim,Ahmedabad,843
Surat,Shimla,1176
Indore,Ranchi,973
Shimla,Patna,991
Bangalore,Nasik,888
Pondicherry,Pune,968
Ahmedabad,Hubli,889
Calcutta,Meerut,1283
Hyderabad,Lucknow,1080
Asansol,Madras,1376
Imphal,Shimla,1792
Indore,Allahabad,679
Ahmedabad,Ahmedabad,0
Meerut,Pondicherry,1899
Calcutta,Shillong,490
Nagpur,Agartala,1288
Lucknow,Gwalior,285
Bhubaneshwar,Jabalpur,690
Pondicherry,Bangalore,268
Madurai,Indore,1436
Hyderabad,Bhubaneshwar,839
Surat,Vijayawada,970
Shillong,Agra,1393
Chandigarh,Lucknow,592
Meerut,Chandigarh,213
Shimla,Kanpur,610
Jabalpur,Shillong,1242
Vishakapatnam,Nasik,1046
Agra,Meerut,203
Shimla,Gwalior,549
Bhubaneshwar,Trivandrum,1614
Meerut,Ludhiana,282
Shillong,Meerut,1454
Patna,Vijayawada,1102
Nagpur,Delhi,853
Jullundur,Jamshedpur,1427
Baroda,Bhopal,443
Pune,Delhi,1167
Varanasi,Nagpur,610
Kanpur,Jamshedpur,717
Patna,Patna,0
Cochin,Surat,1296
Agra,Ranchi,845
Hubli,Nagpur,765
Kanpur,Imphal,1380
Coimbatore,Meerut,1990
Lucknow,Madurai,1897
Indore,Bhubaneshwar,1069
Trivandrum,Baroda,1576
Shillong,Nagpur,1397
Jamshedpur,Shillong,657
Madurai,Bombay,1151
Nagpur,Shimla,1118
Hyderabad,Vishakapatnam,510
Bhopal,Hubli,894
Asansol,Shimla,1270
Panjim,Trivandrum,840
Vijayawada,Shimla,1654
Trivandrum,Delhi,2226
Pondicherry,Asansol,1504
Imphal,Delhi,1725
Kanpur,Madurai,1831
Nagpur,Bangalore,919
Delhi,Madras,1753
Lucknow,Baroda,933
Pondicherry,Allahabad,1509
Bangalore,Coimbatore,226
Imphal,Calcutta,619
Panjim,Calcutta,1718
Kanpur,Lucknow,86
Bhubaneshwar,Madras,1000
Asansol,Gwalior,929
Jamshedpur,Agra,957
Ahmedabad,Imphal,2180
Madurai,Coimbatore,174
Jamshedpur,Ranchi,111
Jamshedpur,Madurai,1662
Madras,Kolhapur,754
Kanpur,Shillong,1164
Madras,Jaipur,1600
Bhubaneshwar,Delhi,1280
Madurai,Calcutta,1776
Baroda,Amritsar,1046
Chandigarh,Pondicherry,2104
Kanpur,Surat,948
Meerut,Delhi,67
Trivandrum,Gwalior,1962
Shimla,Ludhiana,131
Patna,Madurai,1879
Indore,Kolhapur,688
Allahabad,Cochin,1811
Pondicherry,Kolhapur,799
Delhi,Coimbatore,1951
Bhubaneshwar,Bhubaneshwar,0
Gwalior,Calcutta,1110
Cochin,Hubli,608
Surat,Nagpur,648
Ahmedabad,Nasik,345
Vijayawada,Surat,970
Chandigarh,Jamshedpur,1286
Nagpur,Chandigarh,1086
Amritsar,Ranchi,1379
Pondicherry,Varanasi,1518
Pondicherry,Jaipur,1711
Coimbatore,Calicut,132
Delhi,Trivandrum,2226
Delhi,Bombay,1157
Baroda,Nasik,254
Calcutta,Vishakapatnam,754
Hubli,Pune,376
Madras,Vishakapatnam,614
Shillong,Varanasi,894
Calicut,Kolhapur,623
Patna,Pondicherry,1605
Hubli,Hyderabad,419
Indore,Bombay,521
Bhopal,Nagpur,280
Calicut,Ranchi,1679
Imphal,Shillong,223
Jaipur,Patna,939
Panjim,Kolhapur,140
Indore,Delhi,668
Surat,Calcutta,1611
Amritsar,Shillong,1792
Patna,Cochin,1961
Pune,Hyderabad,504
Nasik,Madurai,1219
Delhi,Gwalior,288
Trivandrum,Coimbatore,274
Lucknow,Shillong,1102
Trivandrum,Vijayawada,969
Meerut,Hyderabad,1288
Bhopal,Bangalore,1124
Bombay,Indore,521
Varanasi,Amritsar,1060
Kolhapur,Ranchi,1375
Indore,Surat,353
Madras,Bangalore,281
Jaipur,Jabalpur,589
Madurai,Hyderabad,824
Ranchi,Jaipur,1037
Jullundur,Kolhapur,1652
Ludhiana,Jaipur,441
Vijayawada,Imphal,1661
Amritsar,Bangalore,2085
Jaipur,Calcutta,1359
Pondicherry,Madurai,289
Baroda,Lucknow,933
Trivandrum,Shimla,2498
Nagpur,Meerut,878
Delhi,Bhopal,610
Imphal,Madurai,2349
Bhubaneshwar,Panjim,1378
Cochin,Hyderabad,854
Bhopal,Bhopal,0
Amritsar,Ahmedabad,981
Ludhiana,Pondicherry,2140
Shimla,Madras,2020
Panjim,Madras,735
Varanasi,Ludhiana,942
Jullundur,Calicut,2247
Ludhiana,Amritsar,118
Cochin,Madurai,203
Bhopal,Amritsar,974
Coimbatore,Jamshedpur,1629
Nasik,Jaipur,791
Calicut,Vijayawada,781
Indore,Bangalore,1093
Chandigarh,Chandigarh,0
Kanpur,Kolhapur,1238
Coimbatore,Madurai,174
Cochin,Vishakapatnam,1146
Jullundur,Asansol,1414
Calcutta,Varanasi,624
Vishakapatnam,Bhopal,855
Bombay,Cochin,1063
Nagpur,Nagpur,0
Kanpur,Bhopal,459
Ahmedabad,Gwalior,667
Jaipur,Shillong,1614
Agartala,Jullundur,1761
Delhi,Ahmedabad,770
Nagpur,Jaipur,721
Surat,Trivandrum,1469
Surat,Jullundur,1180
Bangalore,Bhubaneshwar,1194
Calcutta,Nasik,1552
Bangalore,Shimla,2007
Hyderabad,Jabalpur,659
Shimla,Agra,444
Patna,Chandigarh,996
Coimbatore,Pondicherry,325
Allahabad,Panjim,1382
Patna,Agartala,656
Imphal,Hubli,2222
Surat,Jabalpur,762
Baroda,Agartala,1861
Bangalore,Ludhiana,1993
Pune,Indore,507
Lucknow,Coimbatore,1801
Amritsar,Calicut,2258
Jabalpur,Vishakapatnam,694
Surat,Kanpur,948
Asansol,Cochin,1898
Meerut,Trivandrum,2265
Lucknow,Ahmedabad,944
Calcutta,Indore,1286
Ranchi,Kanpur,605
Baroda,Baroda,0
Kolhapur,Trivandrum,949
Vijayawada,Jullundur,1741
Bangalore,Surat,1040
Pune,Jamshedpur,1366
Calicut,Imphal,2432
Calicut,Hyderabad,735
Lucknow,Asansol,698
Ludhiana,Indore,906
Agra,Amritsar,583
Pondicherry,Bhubaneshwar,1125
Calcutta,Ahmedabad,1620
Ludhiana,Jabalpur,951
Kanpur,Hubli,1328
Allahabad,Ludhiana,850
Pune,Bombay,121
Cochin,Nasik,1151
Meerut,Coimbatore,1990
Meerut,Bhubaneshwar,1268
Agartala,Nasik,1868
Bhubaneshwar,Vishakapatnam,389
Shillong,Bangalore,2049
Coimbatore,Nagpur,1144
Ludhiana,Ahmedabad,928
Trivandrum,Jabalpur,1650
Delhi,Allahabad,589
Agartala,Allahabad,970
Bombay,Bombay,0
Cochin,Ahmedabad,1496
Imphal,Chandigarh,1812
Jabalpur,Vijayawada,740
Meerut,Madurai,2110
Chandigarh,Calcutta,1464
Lucknow,Patna,436
Kanpur,Jabalpur,353
Ranchi,Calcutta,324
Hubli,Asansol,1543
Meerut,Lucknow,397
Indore,Ahmedabad,336
Amritsar,Allahabad,969
Shimla,Bombay,1411
Kanpur,Nagpur,587
Amritsar,Patna,1203
Jaipur,Imphal,1832
Nasik,Nagpur,580
Imphal,Indore,1856
Vijayawada,Delhi,1391
Asansol,Bombay,1555
Shillong,Baroda,1937
Madurai,Jabalpur,1478
Trivandrum,Jamshedpur,1861
Gwalior,Bangalore,1467
Hyderabad,Vijayawada,247
Bombay,Vishakapatnam,1112
Jamshedpur,Nagpur,755
Kolhapur,Patna,1491
Kolhapur,Meerut,1406
Calicut,Shillong,2321
Jullundur,Pune,1453
Lucknow,Amritsar,794
Calcutta,Cochin,1901
Lucknow,Bhubaneshwar,883
Cochin,Imphal,2490
Allahabad,Chandigarh,770
Varanasi,Trivandrum,1965
Trivandrum,Madras,614
Gwalior,Hubli,1243
Nasik,Agartala,1868
Varanasi,Pondicherry,1518
Bombay,Madurai,1151
Meerut,Shillong,1454
Patna,Ahmedabad,1297
Calicut,Agra,1776
Imphal,Vishakapatnam,1354
Shimla,Pondicherry,2139
Jaipur,Nagpur,721
Madras,Trivandrum,614
Hyderabad,Madras,509
Chandigarh,Ahmedabad,950
Bhopal,Allahabad,517
Bombay,Jullundur,1422
Madras,Amritsar,2126
Amritsar,Delhi,396
Nasik,Bhopal,518
Ranchi,Madurai,1674
Pune,Ahmedabad,514
Agra,Panjim,1365
Jamshedpur,Bhopal,902
Bangalore,Bangalore,0
Delhi,Cochin,2070
Trivandrum,Bombay,1237
Jullundur,Ahmedabad,993
Kanpur,Vijayawada,1088
Lucknow,Nagpur,658
Calcutta,Pondicherry,1486
Trivandrum,Meerut,2265
Ludhiana,Hubli,1723
Indore,Lucknow,688
Madurai,Jamshedpur,1662
Nagpur,Madurai,1247
Amritsar,Jaipur,530
Ludhiana,Gwalior,569
Bhopal,Jamshedpur,902
Calicut,Hubli,457
Kolhapur,Ahmedabad,720
Bhubaneshwar,Bhopal,928
Calcutta,Imphal,619
Shimla,Asansol,1270
Agartala,Bhubaneshwar,686
Patna,Hyderabad,1134
Jullundur,Ludhiana,73
Jaipur,Pondicherry,1711
Ranchi,Shimla,1178
Panjim,Vijayawada,736
Pondicherry,Agra,1696
Patna,Ludhiana,1087
Allahabad,Madurai,1761
Madras,Bombay,1021
Bhubaneshwar,Bombay,1372
Vishakapatnam,Chandigarh,1582
Shillong,Vishakapatnam,1245
Calcutta,Jullundur,1605
Madras,Delhi,1753
Jullundur,Patna,1136
Nasik,Trivandrum,1323
Delhi,Bhubaneshwar,1280
Jaipur,Vishakapatnam,1275
Calcutta,Kolhapur,1617
Bhopal,Ludhiana,875
Bombay,Calicut,910
Chandigarh,Cochin,2300
Bhopal,Calicut,1326
Ludhiana,Varanasi,942
Delhi,Shimla,271
Agra,Imphal,1612
Jamshedpur,Surat,1390
Pune,Allahabad,1123
Jamshedpur,Hubli,1422
Ranchi,Bhopal,810
Nasik,Bangalore,888
Varanasi,Pune,1205
Jamshedpur,Jamshedpur,0
Amritsar,Chandigarh,207
Ranchi,Vishakapatnam,659
Agra,Madurai,1909
Vishakapatnam,Vishakapatnam,0
Vijayawada,Calicut,781
Jabalpur,Cochin,1513
Nasik,Baroda,254
Coimbatore,Vijayawada,724
Asansol,Chandigarh,1273
Jabalpur,Trivandrum,1650
Jaipur,Bhubaneshwar,1261
Pune,Kanpur,1087
Baroda,Pune,424
Chandigarh,Panjim,1715
Hyderabad,Agartala,1513
Bombay,Hyderabad,624
Madras,Shillong,1852
Ludhiana,Bhubaneshwar,1550
Indore,Coimbatore,1300
Kanpur,Coimbatore,1731
Kolhapur,Bombay,293
Hyderabad,Pondicherry,617
Bhubaneshwar,Ahmedabad,1404
Agra,Ahmedabad,716
Ranchi,Agartala,610
Coimbatore,Coimbatore,0
Calicut,Shimla,2201
Chandigarh,Coimbatore,2183
Pondicherry,Madras,131
Ahmedabad,Nagpur,701
Vijayawada,Asansol,1034
Cochin,Nagpur,1275
Asansol,Agartala,441
Patna,Shimla,991
Kanpur,Bhubaneshwar,879
Pondicherry,Chandigarh,2104
Shillong,Asansol,542
Asansol,Ranchi,170
Patna,Bhopal,822
Asansol,Calicut,1815
Trivandrum,Calcutta,1977
Ludhiana,Bombay,1354
Ranchi,Asansol,170
Bangalore,Asansol,1544
Madurai,Calicut,294
Pune,Coimbatore,895
Shillong,Jamshedpur,657
Lucknow,Delhi,427
Panjim,Pune,337
Varanasi,Agra,537
Ahmedabad,Madurai,1563
Allahabad,Ranchi,419
Meerut,Jaipur,295
Calicut,Ludhiana,2174
Ahmedabad,Calcutta,1620
Lucknow,Trivandrum,2071
Madras,Madras,0
Patna,Calicut,1859
Ahmedabad,Indore,336
Agartala,Bhopal,1418
Panjim,Cochin,665
Gwalior,Ahmedabad,667
Calicut,Bhopal,1326
Pune,Amritsar,1455
Asansol,Meerut,1093
Calcutta,Ranchi,324
Hubli,Delhi,1485
Shillong,Shillong,0
Jaipur,Madurai,1897
Pondicherry,Nasik,1114
Allahabad,Hubli,1316
Madurai,Vishakapatnam,1028
Bombay,Hubli,470
Jullundur,Agra,538
Bombay,Kolhapur,293
Bangalore,Calicut,272
Kanpur,Pune,1087
Pune,Nasik,170
Nagpur,Gwalior,568
Jullundur,Trivandrum,2552
Baroda,Shimla,1049
Jamshedpur,Bangalore,1416
Imphal,Bhopal,1691
Bangalore,Trivandrum,496
Patna,Allahabad,323
Jaipur,Bombay,931
Kolhapur,Allahabad,1249
Patna,Jabalpur,584
Jamshedpur,Varanasi,429
Ranchi,Varanasi,318
Lucknow,Bombay,1206
Vishakapatnam,Gwalior,1076
Trivandrum,Shillong,2464
Cochin,Panjim,665
Hubli,Ranchi,1388
Chandigarh,Bhubaneshwar,1472
Agartala,Bombay,1986
Vijayawada,Kanpur,1088
Kolhapur,Delhi,1356
Bhopal,Kanpur,459
Lucknow,Calicut,1808
Ahmedabad,Agra,716
Patna,Hubli,1530
Baroda,Patna,1261
Imphal,Patna,897
Jamshedpur,Pune,1366
Jullundur,Hubli,1795
Nagpur,Cochin,1275
Shimla,Bhopal,882
Calcutta,Amritsar,1671
Kanpur,Madras,1469
Nasik,Pondicherry,1114
Shimla,Nasik,1272
Imphal,Imphal,0
Indore,Amritsar,993
Trivandrum,Agra,2066
Varanasi,Calcutta,624
Indore,Agra,539
Chandigarh,Nagpur,1086
Agartala,Shimla,1611
Bhubaneshwar,Hubli,1256
Amritsar,Hyderabad,1622
Jaipur,Pune,950
Panjim,Jamshedpur,1530
Jabalpur,Patna,584
Asansol,Varanasi,438
Kanpur,Baroda,848
Bombay,Pondicherry,1080
Jullundur,Gwalior,640
Bhopal,Panjim,927
Calcutta,Vijayawada,1053
Jabalpur,Calcutta,868
Ahmedabad,Bangalore,1229
Jabalpur,Madras,1118
Coimbatore,Indore,1300
Panjim,Agra,1365
Asansol,Indore,1140
Vijayawada,Shillong,1541
Shimla,Vijayawada,1654
Bombay,Gwalior,972
Bombay,Lucknow,1206
Bhubaneshwar,Patna,589
Patna,Shillong,685
Jabalpur,Allahabad,317
Ahmedabad,Kanpur,861
Madurai,Bangalore,343
Bhubaneshwar,Calicut,1467
Delhi,Imphal,1725
Kolhapur,Amritsar,1656
Jaipur,Agartala,1594
Allahabad,Vishakapatnam,864
Surat,Bangalore,1040
Vijayawada,Panjim,736
Pune,Agra,1047
Shillong,Imphal,223
Agra,Cochin,1914
Trivandrum,Vishakapatnam,1228
Agra,Shillong,1393
Calicut,Nasik,1000
Jamshedpur,Lucknow,696
Patna,Kanpur,486
Allahabad,Gwalior,379
Calicut,Cochin,152
Ludhiana,Hyderabad,1523
Bangalore,Ahmedabad,1229
Ranchi,Bhubaneshwar,347
Agra,Ludhiana,468
Baroda,Delhi,805
Imphal,Allahabad,1220
Madurai,Delhi,2075
Patna,Trivandrum,2071
Chandigarh,Shillong,1588
Bombay,Trivandrum,1237
Lucknow,Varanasi,267
Patna,Indore,987
Ahmedabad,Jaipur,540
Hubli,Agra,1342
Gwalior,Meerut,309
Varanasi,Bhopal,617
Calicut,Jamshedpur,1687
Jullundur,Vijayawada,1741
Jamshedpur,Kolhapur,1422
Calcutta,Coimbatore,1761
Patna,Surat,1339
Ahmedabad,Coimbatore,1407
Chandigarh,Allahabad,770
Trivandrum,Varanasi,1965
Trivandrum,Bhopal,1617
Pondicherry,Pondicherry,0
Delhi,Delhi,0
Cochin,Asansol,1898
Vijayawada,Agra,1210
Nasik,Shimla,1272
Surat,Varanasi,1134
Gwalior,Calicut,1675
Patna,Vishakapatnam,884
Gwalior,Madras,1471
Nasik,Calcutta,1552
Calcutta,Madras,1363
Trivandrum,Amritsar,2567
Pune,Patna,1391
Kolhapur,Agra,1224
Imphal,Surat,2197
Shimla,Hyderabad,1526
Ranchi,Shillong,709
Nagpur,Bombay,698
Ludhiana,Bhopal,875
Calicut,Bhubaneshwar,1467
Bangalore,Patna,1598
Meerut,Jabalpur,681
Baroda,Agra,728
Ranchi,Lucknow,585
Pondicherry,Cochin,446
Calicut,Gwalior,1675
Ludhiana,Shimla,131
Bombay,Baroda,371
Kolhapur,Hyderabad,457
Kolhapur,Shimla,1622
Chandigarh,Patna,996
Trivandrum,Ranchi,1870
Asansol,Kanpur,733
Hyderabad,Kanpur,1011
Surat,Shillong,2005
Nasik,Patna,1320
Chandigarh,Kanpur,596
Agartala,Jamshedpur,533
Hyderabad,Amritsar,1622
Lucknow,Pondicherry,1655
Hyderabad,Allahabad,958
Jabalpur,Bhubaneshwar,690
Allahabad,Varanasi,116
Agra,Gwalior,105
Vishakapatnam,Jamshedpur,635
Baroda,Trivandrum,1576
Cochin,Pondicherry,446
Cochin,Madras,548
Patna,Lucknow,436
Madras,Jabalpur,1118
Trivandrum,Surat,1469
Panjim,Hubli,142
Indore,Hyderabad,652
Meerut,Bangalore,1771
Bangalore,Meerut,1771
Calcutta,Panjim,1718
Baroda,Calicut,1254
Calcutta,Hyderabad,1184
Madras,Calicut,517
Bhopal,Vijayawada,807
Nagpur,Calicut,1150
Hyderabad,Calicut,735
Ahmedabad,Chandigarh,950
Calicut,Chandigarh,2158
Delhi,Panjim,1496
Lucknow,Jamshedpur,696
Calcutta,Shimla,1461
Coimbatore,Hubli,518
Shimla,Bhubaneshwar,1482
Meerut,Meerut,0
Jamshedpur,Ahmedabad,1395
Jaipur,Ahmedabad,540
Vishakapatnam,Jabalpur,694
Shimla,Jaipur,480
Kolhapur,Pune,206
Hyderabad,Shillong,1660
Vijayawada,Jaipur,1256
Gwalior,Panjim,1271
Agartala,Vijayawada,1376
Hyderabad,Ludhiana,1523
Nagpur,Imphal,1574
Calcutta,Asansol,191
Vijayawada,Baroda,1011
Surat,Delhi,930
Bangalore,Gwalior,1467
Gwalior,Vishakapatnam,1076
Nagpur,Hyderabad,424
Coimbatore,Jullundur,2278
Jaipur,Kolhapur,1144
Cochin,Ludhiana,2319
Lucknow,Chandigarh,592
Nasik,Kanpur,973
Gwalior,Jaipur,249
Surat,Madras,1190
Panjim,Jullundur,1789
Madras,Calcutta,1363
Gwalior,Bhubaneshwar,1024
Lucknow,Panjim,1459
Jaipur,Bangalore,1554
Nasik,Chandigarh,1224
Kolhapur,Bangalore,546
Cochin,Gwalior,1811
Delhi,Hyderabad,1256
Jaipur,Agra,224
Amritsar,Nasik,1288
Calicut,Surat,1144
Kolhapur,Imphal,2236
Madras,Agra,1576
Ahmedabad,Shillong,1978
Shillong,Vijayawada,1541
Gwalior,Nasik,825
Varanasi,Chandigarh,857
Imphal,Kanpur,1380
Ludhiana,Delhi,281
Jabalpur,Baroda,699
Ahmedabad,Vijayawada,1107
Allahabad,Nasik,1031
Jullundur,Amritsar,74
Jabalpur,Jullundur,1021
Indore,Calicut,1268
Asansol,Ahmedabad,1469
Varanasi,Jabalpur,392
Bangalore,Madras,281
Meerut,Jullundur,347
Agartala,Lucknow,1092
Jabalpur,Hyderabad,659
Pondicherry,Coimbatore,325
Trivandrum,Asansol,1989
Bhopal,Vishakapatnam,855
Imphal,Amritsar,2015
Calcutta,Bombay,1666
Indore,Nasik,373
Coimbatore,Trivandrum,274
Madurai,Kanpur,1831
Hubli,Patna,1530
Surat,Panjim,641
Bhubaneshwar,Baroda,1332
Meerut,Cochin,2111
Vijayawada,Lucknow,1145
Calcutta,Gwalior,1110
Chandigarh,Vishakapatnam,1582
Nagpur,Ranchi,688
Panjim,Chandigarh,1715
Surat,Bombay,247
Hubli,Madurai,681
Shimla,Jabalpur,921
Kolhapur,Gwalior,1130
Hubli,Calicut,457
Baroda,Jabalpur,699
Nasik,Hyderabad,590
Ahmedabad,Patna,1297
Patna,Pune,1391
Bhubaneshwar,Jamshedpur,279
Shillong,Nasik,1969
Panjim,Panjim,0
Jaipur,Hubli,1282
Shimla,Ranchi,1178
Madurai,Allahabad,1761
Vijayawada,Calcutta,1053
Nasik,Ludhiana,1220
Allahabad,Asansol,551
Nasik,Imphal,2152
Kolhapur,Kolhapur,0
Madras,Lucknow,1528
Coimbatore,Gwalior,1687
Amritsar,Pune,1455
Asansol,Agra,975
Vishakapatnam,Hyderabad,510
Meerut,Asansol,1093
Nagpur,Vishakapatnam,579
Bhubaneshwar,Jaipur,1261
Baroda,Nagpur,624
Bangalore,Panjim,490
Calicut,Nagpur,1150
Jaipur,Amritsar,530
Baroda,Allahabad,948
Cochin,Agra,1914
Shimla,Panjim,1761
Pune,Vijayawada,750
Pune,Asansol,1473
Indore,Kanpur,602
Kanpur,Patna,486
Madras,Chandigarh,1987
Calicut,Lucknow,1808
Ranchi,Agra,845
Agartala,Asansol,441
Madurai,Shillong,2263
Allahabad,Meerut,569
Jamshedpur,Meerut,1094
Chandigarh,Madras,1987
Madras,Surat,1190
Nasik,Asansol,1432
Bangalore,Ranchi,1411
Panjim,Jaipur,1282
Vishakapatnam,Ahmedabad,1258
Coimbatore,Calcutta,1761
Bhopal,Chandigarh,843
Asansol,Surat,1478
Asansol,Shillong,542
Vijayawada,Cochin,865
Bombay,Allahabad,1173
Ludhiana,Bangalore,1993
Cochin,Delhi,2070
Pondicherry,Jamshedpur,1377
Chandigarh,Agartala,1624
Trivandrum,Hubli,779
Meerut,Hubli,1531
Allahabad,Indore,679
Hubli,Ludhiana,1723
Pune,Cochin,982
Hubli,Gwalior,1243
Madras,Pondicherry,131
Nagpur,Varanasi,610
Surat,Hyderabad,728
Lucknow,Bhopal,544
Agra,Pune,1047
Madurai,Patna,1879
Gwalior,Varanasi,495
Ranchi,Madras,1263
Ranchi,Allahabad,419
Hyderabad,Delhi,1256
Kanpur,Jullundur,734
Cochin,Trivandrum,174
Calcutta,Surat,1611
Madras,Varanasi,1387
Amritsar,Agartala,1831
Asansol,Nasik,1432
Ahmedabad,Vishakapatnam,1258
Vijayawada,Nagpur,538
Allahabad,Lucknow,181
Ludhiana,Meerut,282
Surat,Chandigarh,1126
Gwalior,Baroda,666
Panjim,Delhi,1496
Delhi,Nasik,1014
Gwalior,Nagpur,568
Chandigarh,Hubli,1711
Bhopal,Surat,517
Shillong,Ahmedabad,1978
Nasik,Ahmedabad,345
Ranchi,Delhi,1007
Shimla,Shillong,1569
Coimbatore,Shillong,2252
Surat,Allahabad,1033
Shillong,Bombay,2095
Ludhiana,Patna,1087
Madras,Bhubaneshwar,1000
Agra,Kanpur,242
Pondicherry,Panjim,757
Delhi,Hubli,1485
Indore,Jullundur,979
Bangalore,Hyderabad,495
Imphal,Madras,1944
Panjim,Bhopal,927
Jullundur,Jaipur,513
Coimbatore,Asansol,1757
Jullundur,Bangalore,2066
Bhubaneshwar,Gwalior,1024
Gwalior,Vijayawada,1104
Varanasi,Madurai,1780
Agartala,Amritsar,1831
Hubli,Calcutta,1603
Vishakapatnam,Trivandrum,1228
Cochin,Agartala,2214
Kolhapur,Asansol,1537
Agra,Asansol,975
Jaipur,Vijayawada,1256
Ranchi,Baroda,1251
Hyderabad,Bhopal,648
Amritsar,Indore,993
Lucknow,Nasik,1059
Imphal,Vijayawada,1661
Shillong,Pune,2015
Imphal,Nasik,2152
Vijayawada,Indore,849
Varanasi,Varanasi,0
Ahmedabad,Panjim,843
Ahmedabad,Asansol,1469
Bangalore,Pondicherry,268
Bhopal,Jullundur,948
Delhi,Madurai,2075
Agartala,Jaipur,1594
Madras,Jamshedpur,1248
Surat,Cochin,1296
Chandigarh,Agra,413
Coimbatore,Panjim,600
Hyderabad,Chandigarh,1490
Ludhiana,Allahabad,850
Shimla,Baroda,1049
Pune,Bhubaneshwar,1271
Delhi,Pune,1167
Nasik,Allahabad,1031
Allahabad,Delhi,589
Jullundur,Nagpur,1202
Madurai,Vijayawada,778
Lucknow,Jaipur,512
Panjim,Imphal,2338
Cochin,Calicut,152
Bhopal,Imphal,1691
Ludhiana,Agra,468
Delhi,Nagpur,853
Agartala,Panjim,2048
Chandigarh,Kolhapur,1576
